<?xml version="1.0" encoding="ISO-8859-1"?>
<root>
  <Description>
i-cut Backup 14 12 2011
  </Description>
  <BackupSet>
  <EditOptions>
    <Options Plottername="Colex 5x10" PlotterSubmodel="" PlotterSizeX="1524000" PlotterSizeY="3048000" PlotterMinX="0" PlotterMinY="0" PlotterLanguage="28" TableToFeederDistance="0" Units="in" ImportUnits="Inch" SpeedUnits="in/min" Connect="Yes" ConnectThreshold="254" Reject="Yes" RejectThreshold="99" SetCurveDirection="Yes" Clockwise="No" InvertInside="Yes" MovetoOrigin="Yes" KeepSequence="No" Artboard="No" RasterImage="Yes" MinVecProd="20" UseBreakLongLines="No" BreakLongLinesLength="50000" DisableUndo="No" StepXbeforeY="No" FurthestRegmark="No" />
  </EditOptions>
  <ProductionSet>
    <Set Name="Park After Table" BeforeFirst="I-FM 0;" AfterLast="M5%NM7%NI-PK;" BeforeTable="" AfterTable="I-PK;I-MS Replace Material;" FeedAfterLast="No" TrackDeviation="No" />
  </ProductionSet>
  <Locator>
    <PenOptions PenPointer="4" UsePenDown="Yes" UseSelectPen="No" UseZAxis="Yes" ZPosition="0" UseAlternativeSelectPen="No" ManageCameraLight="No" LightIntensity="1" />
  </Locator>
  <PlotterConnection>
    <Connection UseSerialConnection="Yes" Port="COM1" BaudRate="38400" Parity="None" DataBit="8" StopBit="1" FlowControl="1" />
    <Connection ServerName="" ServerPortNo="2000" />
  </PlotterConnection>
  <FeederConnection>
    <Feeder UseFeederConnection="Yes" Port="COM1" BaudRate="9600" Parity="Odd" DataBit="8" StopBit="1" FlowControl="2" />
  </FeederConnection>
  <LeadInLeadOut>
    <LeadInLeadOutSettings Depend="No" Outside="No" Remove="No" LeadIn="Yes" LeadInRadius="7620" LeadOut="Yes" LeadOutRadius="7620" ShowOnApply="Yes"/>
  </LeadInLeadOut>
  <ScheduleBackup>
    <Backupsettings Interval="1" Silently="1" NextBackup="0"/>
    <CuttingKey_Backupsettings CuttingKey_Interval="1" CuttingKey_NextBackup="0"/>
  </ScheduleBackup>
  <Language>
    <UserLanguage Language="0" />
  </Language>
  <FileLocation>
    <Location Jobfolder="C:\PrepressData"
              Exportfolder=""
              BackupFolder="C:\WinCnc\I-cut backup"
              Toolsfolder="C:\Documents and Settings\User023\My Documents"
              HaspFolder=""
              ToFileFolder=""
              ProductionOptionsFolder=""
              CuttingKeyImageFolder=""
              CuttingKeyBackupFolder="C:\Documents and Settings\User19\My Documents\i-cut\CuttingKeyBackup"/>
  </FileLocation>
  <Tools>
    <ToolDef Name="T1" BeforeLayer="" AfterLayer="G0 %I-ZP2.3f%nM5%n%n" BeforeCurve="%n" AfterCurve="%n" UseSP="Yes" UseVS="Yes" UseVS2="Yes" UseAS="Yes" UseFS="No" UseFS2="No" UseVNotch="No" UseRPM="No" UseToolUpAngle="No" UseZP="Yes" UsePW="No" UseLL="No" UseML="No" UseLF="No" UseRepetitions="No" ToolType="M" KongsbergToolTypeName="HS Milling" KongsbergID="" DefaultSP="1" NewDefaultVS="381000" NewDefaultVS2="1270000" DefaultAS="2" DefaultFS="500" DefaultFS2="0" DefaultVNotchX="10" DefaultVNotchY="10" DefaultUseVNotchSingleCut="No" DefaultRPM="1" DefaultToolUpAngle="0" AvoidOvercuts="No" DefaultZP1="1270" DefaultZP2="0" DefaultPW1="10" DefaultPW2="10" DefaultPW3="10" DefaultPW4="10" DefaultLL="0" DefaultML="0" DefaultLF="0" DefaultRepetitions="1" ToolDiameter="6000" ToolDirection="256" UseCurveThreshold="No" CurveThreshold="0" UseMultiPass="Yes" MultiPassDepth="0" MaterialThick="0" FinishPassOffset="0" WebThick="0" DrillHoles="No" DefaultDrill="No" />
    <ToolDef Name="T2" BeforeLayer="" AfterLayer="M5%n" BeforeCurve="L30%n" AfterCurve="L31%n" UseSP="Yes" UseVS="Yes" UseVS2="Yes" UseAS="Yes" UseFS="No" UseFS2="No" UseVNotch="No" UseRPM="No" UseToolUpAngle="Yes" UseZP="Yes" UsePW="No" UseLL="No" UseML="No" UseLF="No" UseRepetitions="No" ToolType="K" KongsbergToolTypeName="Static Knife" KongsbergID="" DefaultSP="2" NewDefaultVS="3810000" NewDefaultVS2="27940000" DefaultAS="2" DefaultFS="500" DefaultFS2="0" DefaultVNotchX="10" DefaultVNotchY="10" DefaultUseVNotchSingleCut="No" DefaultRPM="1" DefaultToolUpAngle="25" AvoidOvercuts="No" DefaultZP1="1270" DefaultZP2="0" DefaultPW1="10" DefaultPW2="10" DefaultPW3="10" DefaultPW4="10" DefaultLL="0" DefaultML="0" DefaultLF="0" DefaultRepetitions="1" ToolDiameter="0" ToolDirection="0" UseCurveThreshold="No" CurveThreshold="0" UseMultiPass="No" MultiPassDepth="0" MaterialThick="0" FinishPassOffset="0" WebThick="0" DrillHoles="No" DefaultDrill="No" />
    <ToolDef Name="T3" BeforeLayer="" AfterLayer="M5%n" BeforeCurve="L30%n" AfterCurve="L31%n" UseSP="Yes" UseVS="Yes" UseVS2="Yes" UseAS="Yes" UseFS="No" UseFS2="No" UseVNotch="No" UseRPM="No" UseToolUpAngle="Yes" UseZP="Yes" UsePW="No" UseLL="No" UseML="No" UseLF="No" UseRepetitions="No" ToolType="K" KongsbergToolTypeName="Static Knife" KongsbergID="" DefaultSP="3" NewDefaultVS="5080000" NewDefaultVS2="27940000" DefaultAS="2" DefaultFS="500" DefaultFS2="0" DefaultVNotchX="10" DefaultVNotchY="10" DefaultUseVNotchSingleCut="No" DefaultRPM="1" DefaultToolUpAngle="25" AvoidOvercuts="No" DefaultZP1="1270" DefaultZP2="0" DefaultPW1="10" DefaultPW2="10" DefaultPW3="10" DefaultPW4="10" DefaultLL="0" DefaultML="0" DefaultLF="0" DefaultRepetitions="1" ToolDiameter="0" ToolDirection="0" UseCurveThreshold="No" CurveThreshold="0" UseMultiPass="No" MultiPassDepth="0" MaterialThick="0" FinishPassOffset="0" WebThick="0" DrillHoles="No" DefaultDrill="No" />
    <ToolDef Name="T4" BeforeLayer="" AfterLayer="G0 Z%I-ZP2.3f%nM5%n%n" BeforeCurve="%n" AfterCurve="%n" UseSP="Yes" UseVS="Yes" UseVS2="Yes" UseAS="Yes" UseFS="No" UseFS2="No" UseVNotch="No" UseRPM="No" UseToolUpAngle="No" UseZP="Yes" UsePW="No" UseLL="No" UseML="No" UseLF="No" UseRepetitions="No" ToolType="L" KongsbergToolTypeName="Static Knife" KongsbergID="" DefaultSP="4" NewDefaultVS="5080000" NewDefaultVS2="1524000" DefaultAS="2" DefaultFS="500" DefaultFS2="0" DefaultVNotchX="10" DefaultVNotchY="10" DefaultUseVNotchSingleCut="No" DefaultRPM="1" DefaultToolUpAngle="0" AvoidOvercuts="No" DefaultZP1="635" DefaultZP2="0" DefaultPW1="10" DefaultPW2="10" DefaultPW3="10" DefaultPW4="10" DefaultLL="0" DefaultML="0" DefaultLF="0" DefaultRepetitions="1" ToolDiameter="0" ToolDirection="0" UseCurveThreshold="No" CurveThreshold="0" UseMultiPass="No" MultiPassDepth="0" MaterialThick="0" FinishPassOffset="0" WebThick="0" DrillHoles="No" DefaultDrill="No" />
    <ToolDef Name="DRILL" BeforeLayer="" AfterLayer="G0 %I-ZP2.3f%nM5%n%n" BeforeCurve="G1 Z0" AfterCurve="L31%nG1 Z0.000" UseSP="Yes" UseVS="Yes" UseVS2="Yes" UseAS="Yes" UseFS="No" UseFS2="No" UseVNotch="No" UseRPM="No" UseToolUpAngle="No" UseZP="Yes" UsePW="No" UseLL="No" UseML="No" UseLF="No" UseRepetitions="No" ToolType="T" KongsbergToolTypeName="Vib. knife" KongsbergID="" DefaultSP="1" NewDefaultVS="5999988" NewDefaultVS2="282194" DefaultAS="1" DefaultFS="30" DefaultFS2="0" DefaultVNotchX="10" DefaultVNotchY="10" DefaultUseVNotchSingleCut="No" DefaultRPM="18000" DefaultToolUpAngle="45" AvoidOvercuts="No" DefaultZP1="1270" DefaultZP2="0" DefaultPW1="10" DefaultPW2="10" DefaultPW3="10" DefaultPW4="10" DefaultLL="0" DefaultML="0" DefaultLF="0" DefaultRepetitions="1" ToolDiameter="0" ToolDirection="0" UseCurveThreshold="No" CurveThreshold="0" UseMultiPass="No" MultiPassDepth="0" MaterialThick="0" FinishPassOffset="0" WebThick="0" DrillHoles="Yes" DefaultDrill="No" />
    <ToolDef Name="KissCut T3" BeforeLayer="" AfterLayer="M5%n" BeforeCurve="L31%n" AfterCurve="L31%n" UseSP="Yes" UseVS="Yes" UseVS2="Yes" UseAS="Yes" UseFS="No" UseFS2="No" UseVNotch="No" UseRPM="No" UseToolUpAngle="No" UseZP="Yes" UsePW="No" UseLL="No" UseML="No" UseLF="No" UseRepetitions="No" ToolType="J" KongsbergToolTypeName="Vib. knife" KongsbergID="" DefaultSP="3" NewDefaultVS="38100000" NewDefaultVS2="27940000" DefaultAS="4" DefaultFS="30" DefaultFS2="0" DefaultVNotchX="10" DefaultVNotchY="10" DefaultUseVNotchSingleCut="No" DefaultRPM="18000" DefaultToolUpAngle="45" AvoidOvercuts="No" DefaultZP1="254" DefaultZP2="-69" DefaultPW1="10" DefaultPW2="10" DefaultPW3="10" DefaultPW4="10" DefaultLL="0" DefaultML="0" DefaultLF="0" DefaultRepetitions="1" ToolDiameter="0" ToolDirection="0" UseCurveThreshold="No" CurveThreshold="0" UseMultiPass="No" MultiPassDepth="0" MaterialThick="0" FinishPassOffset="0" WebThick="0" DrillHoles="No" DefaultDrill="No" />
  </Tools>
  <HpglMenu>
    <MenuEntry Name="i-cut Message" Text="I-MS Replace Material;" />
    <MenuEntry Name="i-cut Park" Text="I-PK;" />
    <MenuEntry Name="i-cut Delay (5 sec)" Text="I-SD 5000;" />
    <MenuEntry Name="-" Text="" />
    <MenuEntry Name="Sheet Feeder Communication On" Text="I-FM 1;" />
    <MenuEntry Name="Sheet Feeder Communication Off" Text="I-FM 0;" />
  </HpglMenu>
  </BackupSet>
</root>
