<?xml version="1.0" encoding="ISO-8859-1"?>
<root>
  <Devices>
    <Device Name="WinCnc" Language="10" SubModel="" XSize="1067000" YSize="1067000" WriteToFile="No" WriteLogFile="Yes" Comment="" />
    <Device Name="Colex 4x8" Language="10" SubModel="VK" XSize="1067000" YSize="1067000" WriteToFile="No" WriteLogFile="No" Comment="" />
    <Device Name="Colex 4x8 log" Language="10" SubModel="VK" XSize="1067000" YSize="1067000" WriteToFile="No" WriteLogFile="Yes" Comment="" />
    <Device Name="Colex 4x8 to file" Language="10" SubModel="VK" XSize="1067000" YSize="1067000" WriteToFile="Yes" WriteLogFile="No" Comment="" />
    <Device Name="Colex 5x10" Language="10" SubModel="" XSize="1067000" YSize="1067000" WriteToFile="No" WriteLogFile="Yes" Comment="" />
  </Devices>
  <Languages>
    <Language Id="10" Name="WinCnc" GCode="Yes" Router="Yes" Kongsberg="No">
      <XYResolution Value="25400" />
      <ZResolution Value="25400" />
      <MinToolUpAngle Value="0" />
      <MaxToolUpAngle Value="360" />
      <ArcResolution Value="1" />
      <SpeedResolution Value="0.42333333" />
      <InvertX Value="No" />
      <InvertY Value="No" />
      <InvertZ Value="Yes" />
      <RelativeArc Value="Yes" />
      <MinSP Value="1" />
      <MaxSP Value="17" />
      <MinVS1 Value="1" />
      <MaxVS1 Value="2000" />
      <MinVS2 Value="1" />
      <MaxVS2 Value="500" />
      <MinAS1 Value="1" />
      <MaxAS1 Value="4" />
      <MinRPM Value="1" />
      <MaxRPM Value="24000" />
      <SelectPen Text="%nT%d%n"/>
      <PenUp Text="G0 Z%.3f%n"/>
      <PenDown Text="G1 Z%.3f%n"/>
      <PenUpMove Text="G0 Z%.3f%nG0 X%.3f Y%.3f%n"/>
      <PenDownMove Text="G1 Z%.3f%nG1 X%.3f Y%.3f%n"/>
      <ArcAbsolute Text=""/>
      <ArcAbsoluteCW Text="G2 X%.4f Y%.4f I%.4f J%.4f%n"/>
      <ArcAbsoluteCCW Text="G3 X%.4f Y%.4f I%.4f J%.4f%n"/>
      <VacumOn Text=""/>
      <VacumOff Text=""/>
      <AntiRampingOn Text=""/>
      <AntiRampingOff Text=""/>
      <HardClip Text=""/>
      <FeedLength1 Text=""/>
      <FeedLength2 Text=""/>
      <Feed Text="F%.d[FeTt]%n"/>
      <Flush Text="G53%n"/>
      <Init Text="G90%nG92%n"/>
      <DoMove Text=""/>
      <OutputActualPosition Text=""/>
      <BeforeCameraLayer Text="T4%n"/>
      <AfterCameraLayer Text="M62%n"/>
      <Velocity Text="F%d XY%nF%I-VS2d Z%n"/>
      <Acceleration1 Text=""/>
      <ForceSelect Text=""/>
      <ZPosition Text=""/>
      <Wait Text="G4X%.1f%n"/>
      <LaserPower Text=""/>
      <MinimalLaser Text=""/>
      <LaserFrequency Text=""/>
      <Dash Text=""/>
      <Solid Text=""/>
      <EdgeSensor Text=""/>
      <Drill Text=""/>
      <Comment Text=""/>
      <SpindleRPM Text="S%d%n"/>
      <ToolUpAngle Text="L30.1 A%d Z%I-ZP2.3f P%I-ZP1.3f%nL30%n"/>
    </Language>
  </Languages>
</root>
